,연령대,성별
19062811,30대,남
19062831,30대,남
19062832,40대,여
19070121,40대,여
19070221,20대,남
19070231,30대,남
19070311,50대,남
19070312,30대,여
19070321,40대,여
19070322,30대,여
19070331,30대,남
19070412,40대,여
19070522,30대,남
19070831,40대,남
19070912,40대,남
19070921,40대,여
19070922,40대,여
19070931,30대,여
19071011,40대,여
19071022,40대,남
19071131,40대,여
19071132,50대,여
19071221,40대,여
19071222,50대,여
19071231,30대,여
19071512,30대,남
19071611,40대,여
19071711,30대,남
19071712,50대,여
19071731,30대,여
19071821,40대,여
19071832,30대,남
19071912,50대,여
19071931,40대,남
19072211,30대,남
19072221,40대,여
19072222,50대,여
19072231,30대,남
19072311,50대,여
19072312,40대,여
19072322,50대,여
19072332,30대,남
19072511,30대,여
19072521,40대,여
19072911,50대,여
19072922,50대,여
19073011,40대,여
19080133,30대,여
19080221,50대,남
19080231,40대,여
19080531,50대,여
19080821,30대,남
19080831,40대,여
19080922,40대,여
19081222,30대,남
19081312,30대,여
19081331,30대,남
19081333,30대,여
19081411,30대,여
19081421,30대,여
19081423,30대,남
19081621,30대,여
19081632,30대,남
19081921,30대,남
19082011,30대,남
19082022,30대,남
19082031,30대,여
19082032,40대,남
19082131,30대,남
19082212,30대,남
19082231,30대,남
19082233,30대,여
19082321,30대,남
19082711,40대,여
19082721,40대,남
19082722,30대,남
19082822,30대,남
19082823,30대,여
19083011,30대,여
19083021,30대,여
19083032,30대,남
19090222,50대,여
19090232,30대,여
19090321,30대,남
19090411,40대,남
19090431,20대,남
19090432,40대,남
19090532,50대,여
19090631,40대,남
19090922,40대,남
19091012,40대,여
19091121,50대,남
19091122,40대,남
19091131,30대,남
19091611,40대,남
19091612,40대,남
19091622,40대,남
19091631,40대,여
19091721,50대,남
19091731,50대,남
19091813,40대,남
19091931,50대,남
19092022,50대,남
19092031,50대,남
19092032,40대,남
19092311,40대,남
19092312,40대,남
19092422,40대,남
19092431,30대,여
19092511,50대,여
19092521,50대,여
19092611,50대,여
19092631,50대,남
19092632,50대,남
19092711,50대,남
19092712,20대,여
19092732,30대,여
19093013,30대,여
19100121,40대,남
19100123,50대,남
19100211,50대,남
19100231,40대,남
19100232,40대,남
19100421,50대,여
19100422,30대,여
19100432,20대,여
19100811,50대,남
19100812,40대,남
19100823,30대,여
19100832,30대,여
19100833,40대,남
19101012,40대,여
19101021,50대,남
19101112,50대,남
19101121,40대,남
19101432,50대,남
19101513,20대,여
